{
  "packageInfo": {
    "generatedDate": "2026-01-11T23:39:31.818Z",
    "companyName": "لابك لتجاره الالكترونيات",
    "companyNameEn": "Laapak Electronics Trading",
    "taxId": "767043545",
    "legalBasis": "Law 5/2025 Article 3",
    "deadline": "2026-08-12"
  },
  "declarations": {
    "monthlyVAT": {
      "count": 14,
      "periods": [
        {
          "period": "2024-11",
          "periodName": "November 2024",
          "invoiceCount": 9,
          "netVATDue": -11361.490000000005,
          "status": "Refundable"
        },
        {
          "period": "2024-12",
          "periodName": "December 2024",
          "invoiceCount": 4,
          "netVATDue": 268.5,
          "status": "Payable to ETA"
        },
        {
          "period": "2025-01",
          "periodName": "January 2025",
          "invoiceCount": 6,
          "netVATDue": -8224,
          "status": "Refundable"
        },
        {
          "period": "2025-02",
          "periodName": "February 2025",
          "invoiceCount": 2,
          "netVATDue": -340,
          "status": "Refundable"
        },
        {
          "period": "2025-03",
          "periodName": "March 2025",
          "invoiceCount": 7,
          "netVATDue": -653.7999999999993,
          "status": "Refundable"
        },
        {
          "period": "2025-04",
          "periodName": "April 2025",
          "invoiceCount": 12,
          "netVATDue": 617.6999999999971,
          "status": "Payable to ETA"
        },
        {
          "period": "2025-05",
          "periodName": "May 2025",
          "invoiceCount": 12,
          "netVATDue": 8964,
          "status": "Payable to ETA"
        },
        {
          "period": "2025-06",
          "periodName": "June 2025",
          "invoiceCount": 2,
          "netVATDue": -284,
          "status": "Refundable"
        },
        {
          "period": "2025-07",
          "periodName": "July 2025",
          "invoiceCount": 4,
          "netVATDue": -11631,
          "status": "Refundable"
        },
        {
          "period": "2025-08",
          "periodName": "August 2025",
          "invoiceCount": 12,
          "netVATDue": 3377.600000000002,
          "status": "Payable to ETA"
        },
        {
          "period": "2025-09",
          "periodName": "September 2025",
          "invoiceCount": 16,
          "netVATDue": -51081,
          "status": "Refundable"
        },
        {
          "period": "2025-10",
          "periodName": "October 2025",
          "invoiceCount": 21,
          "netVATDue": 62799.5,
          "status": "Payable to ETA"
        },
        {
          "period": "2025-11",
          "periodName": "November 2025",
          "invoiceCount": 4,
          "netVATDue": 457,
          "status": "Payable to ETA"
        },
        {
          "period": "2025-12",
          "periodName": "December 2025",
          "invoiceCount": 16,
          "netVATDue": -77650,
          "status": "Refundable"
        }
      ]
    },
    "annualIncomeTax": {
      "count": 2,
      "years": [
        2024,
        2025
      ]
    },
    "total": 16
  },
  "vatSummary": {
    "totalInvoices": 127,
    "totalSales": 3334341,
    "totalOutputVAT": 435454.63,
    "totalInputVAT": 520195.62,
    "totalNetVATDue": -84740.99
  },
  "warnings": [
    "Operating expenses must be added to income tax returns",
    "All returns require accountant review before submission",
    "Each monthly VAT return must be submitted separately",
    "Deadline: August 12, 2026"
  ],
  "nextSteps": [
    "Review all VAT calculations",
    "Add operating expense data",
    "Accountant verification",
    "ETA portal submission",
    "Track confirmation numbers"
  ]
}