{
  "year": 2025,
  "fiscalPeriod": "2025-01-01 to 2025-12-31",
  "companyId": "767043545",
  "companyName": "لابك لتجاره الالكترونيات",
  "submissionType": "Regular",
  "legalBasis": "Law 91/2005",
  "generatedDate": "2026-01-11T23:26:03.142Z",
  "revenue": {
    "totalRevenue": 2814010,
    "salesInvoiceCount": 66,
    "breakdown": [
      {
        "id": "0010",
        "date": "2025-01-18T10:42:21Z",
        "customer": "العتال جروب كومبانيز",
        "amount": 100000
      },
      {
        "id": "009",
        "date": "2025-01-05T19:06:46Z",
        "customer": "محمد فؤاد حسين عوض",
        "amount": 19200
      },
      {
        "id": "012",
        "date": "2025-02-14T11:10:25Z",
        "customer": "العتال جروب كومبانيز",
        "amount": 55000
      },
      {
        "id": "013",
        "date": "2025-03-06T09:45:31Z",
        "customer": "مارجينز للتنميه العمرانيه واداره المشروعات",
        "amount": 45000
      },
      {
        "id": "015",
        "date": "2025-03-19T11:57:10Z",
        "customer": "جي تي سي اي لانشاءات مشاريع الطاقه والبنيه التحتيه",
        "amount": 116200
      },
      {
        "id": "016",
        "date": "2025-03-27T20:40:24Z",
        "customer": "متيوري للصناعه والتجاره والمقاولات",
        "amount": 12280
      },
      {
        "id": "017",
        "date": "2025-04-07T09:28:50Z",
        "customer": "الشركه الهندسيه لخدمات المشاريع    بروسيرفيس",
        "amount": 45000
      },
      {
        "id": "018",
        "date": "2025-04-12T16:15:05Z",
        "customer": "اصول للهندسه و المقاولات",
        "amount": 44500
      },
      {
        "id": "021",
        "date": "2025-04-13T12:09:58Z",
        "customer": "مارجينز للتنميه العمرانيه واداره المشروعات",
        "amount": 115500
      },
      {
        "id": "022",
        "date": "2025-04-13T12:15:09Z",
        "customer": "مارجينز للتنميه العمرانيه واداره المشروعات",
        "amount": 4800
      },
      {
        "id": "023",
        "date": "2025-04-14T14:52:26Z",
        "customer": "مارجينز للتنميه العمرانيه واداره المشروعات",
        "amount": 5850
      },
      {
        "id": "024",
        "date": "2025-04-15T16:20:48Z",
        "customer": "العتال جروب كومبانيز",
        "amount": 69000
      },
      {
        "id": "025",
        "date": "2025-04-25T20:24:14Z",
        "customer": "متيوري للصناعه والتجاره والمقاولات",
        "amount": 20000
      },
      {
        "id": "027",
        "date": "2025-05-11T15:01:45Z",
        "customer": "العتال جروب كومبانيز",
        "amount": 44000
      },
      {
        "id": "028",
        "date": "2025-05-19T04:54:01Z",
        "customer": "جي تي سي اي لانشاءات مشاريع الطاقه والبنيه التحتيه",
        "amount": 4500
      },
      {
        "id": "029",
        "date": "2025-05-19T07:08:33Z",
        "customer": "اجرينا تك للصناعات التحويليه",
        "amount": 14500
      },
      {
        "id": "030",
        "date": "2025-05-19T15:44:22Z",
        "customer": "العتال جروب كومبانيز",
        "amount": 400
      },
      {
        "id": "031",
        "date": "2025-05-19T16:14:09Z",
        "customer": "جي تي سي اي لانشاءات مشاريع الطاقه والبنيه التحتيه",
        "amount": 17500
      },
      {
        "id": "032",
        "date": "2025-05-19T16:17:07Z",
        "customer": "جي تي سي اي لانشاءات مشاريع الطاقه والبنيه التحتيه",
        "amount": 65000
      },
      {
        "id": "033",
        "date": "2025-05-27T20:51:20Z",
        "customer": "إنشاء للتطوير والبناء",
        "amount": 133900
      },
      {
        "id": "034",
        "date": "2025-06-26T15:09:16Z",
        "customer": "إنشاء للتطوير والبناء",
        "amount": 28400
      },
      {
        "id": "035",
        "date": "2025-07-01T15:49:07Z",
        "customer": "شركه الايد للاستثمار السياحي",
        "amount": 6000
      },
      {
        "id": "040",
        "date": "2025-08-03T12:12:06Z",
        "customer": "العتال جروب كومبانيز",
        "amount": 77700
      },
      {
        "id": "041",
        "date": "2025-08-03T12:13:22Z",
        "customer": "كلاود ان للبرمجيات",
        "amount": 7800
      },
      {
        "id": "042",
        "date": "2025-08-07T19:36:14Z",
        "customer": "متيوري للصناعه والتجاره والمقاولات",
        "amount": 44300
      },
      {
        "id": "043",
        "date": "2025-08-19T12:26:22Z",
        "customer": "سويديش جروب للاعمال المتكامله",
        "amount": 17000
      },
      {
        "id": "044",
        "date": "2025-08-20T19:42:27Z",
        "customer": "العتال جروب كومبانيز",
        "amount": 88000
      },
      {
        "id": "045",
        "date": "2025-08-30T12:01:09Z",
        "customer": "جي تي سي اي لانشاءات مشاريع الطاقه والبنيه التحتيه",
        "amount": 18880
      },
      {
        "id": "046",
        "date": "2025-08-30T12:07:05Z",
        "customer": "سويديش جروب للاعمال المتكامله",
        "amount": 20000
      },
      {
        "id": "048",
        "date": "2025-09-03T14:12:40Z",
        "customer": "شركه سيستم وان",
        "amount": 61000
      },
      {
        "id": "049",
        "date": "2025-09-09T13:23:22Z",
        "customer": "هاني علي علي ناجي وشركاه شركه الشهد لتوزيع المواد الغذائية والمنظفات",
        "amount": 1850
      },
      {
        "id": "050",
        "date": "2025-09-09T13:27:31Z",
        "customer": "العتال جروب كومبانيز",
        "amount": 44000
      },
      {
        "id": "051",
        "date": "2025-09-09T13:31:56Z",
        "customer": "متيوري للصناعه والتجاره والمقاولات",
        "amount": 15000
      },
      {
        "id": "052",
        "date": "2025-09-18T13:26:43Z",
        "customer": "شركه سيستم وان",
        "amount": 14000
      },
      {
        "id": "055",
        "date": "2025-09-27T10:53:32Z",
        "customer": "العتال جروب كومبانيز",
        "amount": 66000
      },
      {
        "id": "056",
        "date": "2025-10-01T11:20:52Z",
        "customer": "شركة جود بيبول كايرو للخدمات الاعلانية",
        "amount": 34500
      },
      {
        "id": "057",
        "date": "2025-10-01T11:18:05Z",
        "customer": "سويديش جروب للاعمال المتكامله",
        "amount": 40000
      },
      {
        "id": "058",
        "date": "2025-10-01T11:20:52Z",
        "customer": "شركة جود بيبول كايرو للخدمات الاعلانية",
        "amount": 5000
      },
      {
        "id": "059",
        "date": "2025-10-05T16:25:37Z",
        "customer": "اصول للهندسه و المقاولات",
        "amount": 250250
      },
      {
        "id": "061",
        "date": "2025-10-06T13:31:17Z",
        "customer": "كلاود ان للبرمجيات",
        "amount": 8700
      },
      {
        "id": "063",
        "date": "2025-10-08T09:18:49Z",
        "customer": "شركه سيستم وان",
        "amount": 44000
      },
      {
        "id": "064",
        "date": "2025-10-14T17:24:41Z",
        "customer": "شركه سيستم وان",
        "amount": 2000
      },
      {
        "id": "066",
        "date": "2025-10-18T13:41:18Z",
        "customer": "العتال جروب كومبانيز",
        "amount": 88000
      },
      {
        "id": "067",
        "date": "2025-10-18T13:41:18Z",
        "customer": "العتال جروب كومبانيز",
        "amount": 9000
      },
      {
        "id": "068",
        "date": "2025-10-19T17:30:48Z",
        "customer": "محمد ضياءالدين احمد احمد جمعه بنيريم لخدمات و حلول الاتصالات وتكنولوجيا المعلومات",
        "amount": 1800
      },
      {
        "id": "069",
        "date": "2025-10-19T17:37:26Z",
        "customer": "إنشاء للتطوير والبناء",
        "amount": 86000
      },
      {
        "id": "071",
        "date": "2025-11-11T15:13:54Z",
        "customer": "العتال جروب كومبانيز",
        "amount": 2400
      },
      {
        "id": "073",
        "date": "2025-11-11T15:16:07Z",
        "customer": "جاما للانظمة الامنيه والمقاولات",
        "amount": 45000
      },
      {
        "id": "074",
        "date": "2025-11-11T15:21:52Z",
        "customer": "شركه سيستم وان",
        "amount": 3500
      },
      {
        "id": "075",
        "date": "2025-12-04T12:43:19Z",
        "customer": "شركه الايد للاستثمار السياحي",
        "amount": 6500
      },
      {
        "id": "080",
        "date": "2025-12-10T15:12:40Z",
        "customer": "سويديش جروب للاعمال المتكامله",
        "amount": 20500
      },
      {
        "id": "082",
        "date": "2025-12-17T13:11:42Z",
        "customer": "جاما للانظمة الامنيه والمقاولات",
        "amount": 22500
      },
      {
        "id": "083",
        "date": "2025-12-28T14:16:03Z",
        "customer": "شركه الموزعون المتحدون",
        "amount": 4500
      },
      {
        "id": "084",
        "date": "2025-12-30T21:59:02Z",
        "customer": "شركه سيستم وان",
        "amount": 238500
      },
      {
        "id": "085",
        "date": "2025-12-31T20:38:44Z",
        "customer": "العتال جروب كومبانيز",
        "amount": 57500
      },
      {
        "id": "26",
        "date": "2025-05-08T16:32:00Z",
        "customer": "متيوري للصناعه والتجاره والمقاولات",
        "amount": 33000
      },
      {
        "id": "357751406877",
        "date": "2025-10-30T13:29:19Z",
        "customer": "إنشاء للتطوير والبناء",
        "amount": 86000
      },
      {
        "id": "70",
        "date": "2025-10-30T13:33:47Z",
        "customer": "حسين البابلي وشركاه كاري اون سيرفيسيز للتجاره والتوزيع",
        "amount": 2000
      },
      {
        "id": "71",
        "date": "2025-10-30T13:39:04Z",
        "customer": "سويديش جروب للاعمال المتكامله",
        "amount": 40300
      },
      {
        "id": "76",
        "date": "2025-12-04T20:31:04Z",
        "customer": "العتال جروب كومبانيز",
        "amount": 43000
      },
      {
        "id": "77",
        "date": "2025-12-04T20:32:25Z",
        "customer": "العتال جروب كومبانيز",
        "amount": 16000
      },
      {
        "id": "78",
        "date": "2025-12-04T20:33:29Z",
        "customer": "العتال جروب كومبانيز",
        "amount": 16000
      },
      {
        "id": "79",
        "date": "2025-12-04T20:40:36Z",
        "customer": "سويديش جروب للاعمال المتكامله",
        "amount": 20500
      },
      {
        "id": "81",
        "date": "2025-12-17T12:57:34Z",
        "customer": "سويديش جروب للاعمال المتكامله",
        "amount": 13000
      },
      {
        "id": "024",
        "date": "2025-05-08T12:29:21Z",
        "customer": "العتال جروب كومبانيز",
        "amount": 46000
      },
      {
        "id": "357751406877",
        "date": "2025-10-30T13:29:19Z",
        "customer": "إنشاء للتطوير والبناء",
        "amount": 86000
      }
    ]
  },
  "cogs": {
    "totalCOGS": 3185890,
    "purchaseInvoiceCount": 48,
    "breakdown": [
      {
        "id": "1003",
        "date": "2025-09-08T22:23:00Z",
        "supplier": "ايوال لتوريد اجهزه الكمبيوتر والمحمول",
        "amount": 56400
      },
      {
        "id": "1006",
        "date": "2025-09-09T01:03:00Z",
        "supplier": "ايوال لتوريد اجهزه الكمبيوتر والمحمول",
        "amount": 1500
      },
      {
        "id": "104",
        "date": "2025-02-13T00:12:00Z",
        "supplier": "ايوال لتوريد اجهزه الكمبيوتر والمحمول",
        "amount": 53500
      },
      {
        "id": "1049",
        "date": "2025-09-17T08:17:00Z",
        "supplier": "ايوال لتوريد اجهزه الكمبيوتر والمحمول",
        "amount": 13500
      },
      {
        "id": "1099",
        "date": "2025-09-23T03:33:00Z",
        "supplier": "ايوال لتوريد اجهزه الكمبيوتر والمحمول",
        "amount": 31200
      },
      {
        "id": "1115",
        "date": "2025-09-24T04:14:00Z",
        "supplier": "ايوال لتوريد اجهزه الكمبيوتر والمحمول",
        "amount": 63000
      },
      {
        "id": "1126",
        "date": "2025-09-25T08:58:00Z",
        "supplier": "ايوال لتوريد اجهزه الكمبيوتر والمحمول",
        "amount": 274200
      },
      {
        "id": "1421",
        "date": "2025-09-29T06:03:00Z",
        "supplier": "ايوال لتوريد اجهزه الكمبيوتر والمحمول",
        "amount": 39000
      },
      {
        "id": "1475",
        "date": "2025-09-30T08:39:00Z",
        "supplier": "ايوال لتوريد اجهزه الكمبيوتر والمحمول",
        "amount": 4800
      },
      {
        "id": "1509",
        "date": "2025-10-05T23:39:00Z",
        "supplier": "ايوال لتوريد اجهزه الكمبيوتر والمحمول",
        "amount": 52500
      },
      {
        "id": "1562",
        "date": "2025-10-14T01:40:00Z",
        "supplier": "ايوال لتوريد اجهزه الكمبيوتر والمحمول",
        "amount": 85700
      },
      {
        "id": "1584",
        "date": "2025-10-15T23:49:00Z",
        "supplier": "ايوال لتوريد اجهزه الكمبيوتر والمحمول",
        "amount": 8700
      },
      {
        "id": "1609",
        "date": "2025-10-19T05:11:00Z",
        "supplier": "ايوال لتوريد اجهزه الكمبيوتر والمحمول",
        "amount": 84700
      },
      {
        "id": "165",
        "date": "2025-03-05T05:03:00Z",
        "supplier": "ايوال لتوريد اجهزه الكمبيوتر والمحمول",
        "amount": 44000
      },
      {
        "id": "1722",
        "date": "2025-10-29T04:36:00Z",
        "supplier": "ايوال لتوريد اجهزه الكمبيوتر والمحمول",
        "amount": 1800
      },
      {
        "id": "1736",
        "date": "2025-10-29T23:51:00Z",
        "supplier": "ايوال لتوريد اجهزه الكمبيوتر والمحمول",
        "amount": 39000
      },
      {
        "id": "1812",
        "date": "2025-11-10T00:07:00Z",
        "supplier": "ايوال لتوريد اجهزه الكمبيوتر والمحمول",
        "amount": 44000
      },
      {
        "id": "184",
        "date": "2025-03-18T08:14:00Z",
        "supplier": "ايوال لتوريد اجهزه الكمبيوتر والمحمول",
        "amount": 109450
      },
      {
        "id": "186",
        "date": "2025-03-18T08:57:00Z",
        "supplier": "ايوال لتوريد اجهزه الكمبيوتر والمحمول",
        "amount": 4400
      },
      {
        "id": "19",
        "date": "2025-01-05T01:06:00Z",
        "supplier": "ايوال لتوريد اجهزه الكمبيوتر والمحمول",
        "amount": 27400
      },
      {
        "id": "190",
        "date": "2025-03-20T05:18:00Z",
        "supplier": "ايوال لتوريد اجهزه الكمبيوتر والمحمول",
        "amount": 12000
      },
      {
        "id": "2035",
        "date": "2025-12-03T22:20:00Z",
        "supplier": "ايوال لتوريد اجهزه الكمبيوتر والمحمول",
        "amount": 123000
      },
      {
        "id": "2039",
        "date": "2025-12-04T05:39:00Z",
        "supplier": "ايوال لتوريد اجهزه الكمبيوتر والمحمول",
        "amount": 60000
      },
      {
        "id": "2117",
        "date": "2025-12-14T05:21:00Z",
        "supplier": "ايوال لتوريد اجهزه الكمبيوتر والمحمول",
        "amount": 62500
      },
      {
        "id": "2166",
        "date": "2025-12-16T23:00:00Z",
        "supplier": "ايوال لتوريد اجهزه الكمبيوتر والمحمول",
        "amount": 179000
      },
      {
        "id": "231",
        "date": "2025-04-10T06:32:00Z",
        "supplier": "ايوال لتوريد اجهزه الكمبيوتر والمحمول",
        "amount": 4400
      },
      {
        "id": "233",
        "date": "2025-04-11T23:28:00Z",
        "supplier": "ايوال لتوريد اجهزه الكمبيوتر والمحمول",
        "amount": 223620
      },
      {
        "id": "2381",
        "date": "2025-12-30T02:04:00Z",
        "supplier": "ايوال لتوريد اجهزه الكمبيوتر والمحمول",
        "amount": 557500
      },
      {
        "id": "241",
        "date": "2025-04-14T02:45:00Z",
        "supplier": "ايوال لتوريد اجهزه الكمبيوتر والمحمول",
        "amount": 5100
      },
      {
        "id": "269",
        "date": "2025-04-22T06:10:00Z",
        "supplier": "ايوال لتوريد اجهزه الكمبيوتر والمحمول",
        "amount": 18000
      },
      {
        "id": "28",
        "date": "2025-01-17T06:29:00Z",
        "supplier": "ايوال لتوريد اجهزه الكمبيوتر والمحمول",
        "amount": 98400
      },
      {
        "id": "306",
        "date": "2025-04-29T07:01:00Z",
        "supplier": "ايوال لتوريد اجهزه الكمبيوتر والمحمول",
        "amount": 32000
      },
      {
        "id": "344",
        "date": "2025-05-08T04:45:00Z",
        "supplier": "ايوال لتوريد اجهزه الكمبيوتر والمحمول",
        "amount": 42400
      },
      {
        "id": "385",
        "date": "2025-01-05T00:12:00Z",
        "supplier": "ايكو لاند للمقاولات العامه والتوريدات",
        "amount": 27400
      },
      {
        "id": "408",
        "date": "2025-05-18T08:11:00Z",
        "supplier": "ايوال لتوريد اجهزه الكمبيوتر والمحمول",
        "amount": 98200
      },
      {
        "id": "49",
        "date": "2025-01-22T06:30:00Z",
        "supplier": "ايوال لتوريد اجهزه الكمبيوتر والمحمول",
        "amount": 44000
      },
      {
        "id": "491",
        "date": "2025-05-27T02:37:00Z",
        "supplier": "ايوال لتوريد اجهزه الكمبيوتر والمحمول",
        "amount": 130900
      },
      {
        "id": "592",
        "date": "2025-06-22T23:35:00Z",
        "supplier": "ايوال لتوريد اجهزه الكمبيوتر والمحمول",
        "amount": 28400
      },
      {
        "id": "635",
        "date": "2025-07-01T00:43:00Z",
        "supplier": "ايوال لتوريد اجهزه الكمبيوتر والمحمول",
        "amount": 5600
      },
      {
        "id": "780",
        "date": "2025-07-29T01:56:00Z",
        "supplier": "ايوال لتوريد اجهزه الكمبيوتر والمحمول",
        "amount": 8250
      },
      {
        "id": "809",
        "date": "2025-07-31T06:40:00Z",
        "supplier": "ايوال لتوريد اجهزه الكمبيوتر والمحمول",
        "amount": 74800
      },
      {
        "id": "821",
        "date": "2025-08-19T21:06:00Z",
        "supplier": "ايوال لتوريد اجهزه الكمبيوتر والمحمول",
        "amount": 52500
      },
      {
        "id": "839",
        "date": "2025-08-06T22:13:00Z",
        "supplier": "ايوال لتوريد اجهزه الكمبيوتر والمحمول",
        "amount": 42500
      },
      {
        "id": "887",
        "date": "2025-08-17T01:08:00Z",
        "supplier": "ايوال لتوريد اجهزه الكمبيوتر والمحمول",
        "amount": 84000
      },
      {
        "id": "903",
        "date": "2025-08-17T05:59:00Z",
        "supplier": "ايوال لتوريد اجهزه الكمبيوتر والمحمول",
        "amount": 16500
      },
      {
        "id": "949",
        "date": "2025-08-26T21:27:00Z",
        "supplier": "ايوال لتوريد اجهزه الكمبيوتر والمحمول",
        "amount": 37670
      },
      {
        "id": "985",
        "date": "2025-09-02T22:39:00Z",
        "supplier": "ايوال لتوريد اجهزه الكمبيوتر والمحمول",
        "amount": 59000
      },
      {
        "id": "986",
        "date": "2025-09-02T22:40:00Z",
        "supplier": "ايوال لتوريد اجهزه الكمبيوتر والمحمول",
        "amount": 19500
      }
    ]
  },
  "grossProfit": -371880,
  "operatingExpenses": {
    "salaries": 0,
    "rent": 0,
    "utilities": 0,
    "marketing": 0,
    "depreciation": 0,
    "other": 0,
    "total": 0
  },
  "netProfit": -371880,
  "taxableIncome": 0,
  "corporateTax": 0,
  "taxRate": 0.225,
  "notes": [
    "Loss of 371,880 EGP - No tax due",
    "Loss can be carried forward to offset future profits",
    "WARNING: No operating expenses entered - tax calculation incomplete",
    "Please add salaries, rent, utilities, and other expenses"
  ]
}