{
  "period": "2025-10",
  "periodName": "October 2025",
  "submissionType": "Late Voluntary - Law 5/2025",
  "legalBasis": "Law 5/2025 Article 3",
  "companyId": "767043545",
  "companyName": "لابك لتجاره الالكترونيات",
  "invoiceCount": 21,
  "generatedDate": "2026-01-11T23:39:28.821Z",
  "sales": {
    "local": {
      "value": 783550,
      "tax": 100935.5,
      "items": [
        {
          "id": "056",
          "date": "10/1/2025",
          "customer": "شركة جود بيبول كايرو للخدمات الاعلانية",
          "total": 34500,
          "vat": 3795,
          "type": "Invoice"
        },
        {
          "id": "057",
          "date": "10/1/2025",
          "customer": "سويديش جروب للاعمال المتكامله",
          "total": 40000,
          "vat": 5200,
          "type": "Invoice"
        },
        {
          "id": "058",
          "date": "10/1/2025",
          "customer": "شركة جود بيبول كايرو للخدمات الاعلانية",
          "total": 5000,
          "vat": 550,
          "type": "Invoice"
        },
        {
          "id": "059",
          "date": "10/5/2025",
          "customer": "اصول للهندسه و المقاولات",
          "total": 250250,
          "vat": 32532.5,
          "type": "Invoice"
        },
        {
          "id": "061",
          "date": "10/6/2025",
          "customer": "كلاود ان للبرمجيات",
          "total": 8700,
          "vat": 957,
          "type": "Invoice"
        },
        {
          "id": "063",
          "date": "10/8/2025",
          "customer": "شركه سيستم وان",
          "total": 44000,
          "vat": 5720,
          "type": "Invoice"
        },
        {
          "id": "064",
          "date": "10/14/2025",
          "customer": "شركه سيستم وان",
          "total": 2000,
          "vat": 260,
          "type": "Invoice"
        },
        {
          "id": "066",
          "date": "10/18/2025",
          "customer": "العتال جروب كومبانيز",
          "total": 88000,
          "vat": 11440,
          "type": "Invoice"
        },
        {
          "id": "067",
          "date": "10/18/2025",
          "customer": "العتال جروب كومبانيز",
          "total": 9000,
          "vat": 1170,
          "type": "Invoice"
        },
        {
          "id": "068",
          "date": "10/19/2025",
          "customer": "محمد ضياءالدين احمد احمد جمعه بنيريم لخدمات و حلول الاتصالات وتكنولوجيا المعلومات",
          "total": 1800,
          "vat": 252,
          "type": "Invoice"
        },
        {
          "id": "069",
          "date": "10/19/2025",
          "customer": "إنشاء للتطوير والبناء",
          "total": 86000,
          "vat": 11180,
          "type": "Invoice"
        },
        {
          "id": "357751406877",
          "date": "10/30/2025",
          "customer": "إنشاء للتطوير والبناء",
          "total": 86000,
          "vat": 11180,
          "type": "Invoice"
        },
        {
          "id": "70",
          "date": "10/30/2025",
          "customer": "حسين البابلي وشركاه كاري اون سيرفيسيز للتجاره والتوزيع",
          "total": 2000,
          "vat": 280,
          "type": "Invoice"
        },
        {
          "id": "71",
          "date": "10/30/2025",
          "customer": "سويديش جروب للاعمال المتكامله",
          "total": 40300,
          "vat": 5239,
          "type": "Invoice"
        },
        {
          "id": "357751406877",
          "date": "10/30/2025",
          "customer": "إنشاء للتطوير والبناء",
          "total": 86000,
          "vat": 11180,
          "type": "Invoice"
        }
      ]
    },
    "exports": {
      "value": 0,
      "tax": 0,
      "items": []
    },
    "exempt": {
      "value": 0,
      "tax": 0,
      "items": []
    }
  },
  "inputs": {
    "value": 272400,
    "tax": 38136,
    "items": [
      {
        "id": "1509",
        "date": "10/6/2025",
        "customer": "ايوال لتوريد اجهزه الكمبيوتر والمحمول",
        "total": 52500,
        "vat": 7350,
        "type": "Invoice"
      },
      {
        "id": "1562",
        "date": "10/14/2025",
        "customer": "ايوال لتوريد اجهزه الكمبيوتر والمحمول",
        "total": 85700,
        "vat": 11998,
        "type": "Invoice"
      },
      {
        "id": "1584",
        "date": "10/16/2025",
        "customer": "ايوال لتوريد اجهزه الكمبيوتر والمحمول",
        "total": 8700,
        "vat": 1218,
        "type": "Invoice"
      },
      {
        "id": "1609",
        "date": "10/19/2025",
        "customer": "ايوال لتوريد اجهزه الكمبيوتر والمحمول",
        "total": 84700,
        "vat": 11858,
        "type": "Invoice"
      },
      {
        "id": "1722",
        "date": "10/29/2025",
        "customer": "ايوال لتوريد اجهزه الكمبيوتر والمحمول",
        "total": 1800,
        "vat": 252,
        "type": "Invoice"
      },
      {
        "id": "1736",
        "date": "10/30/2025",
        "customer": "ايوال لتوريد اجهزه الكمبيوتر والمحمول",
        "total": 39000,
        "vat": 5460,
        "type": "Invoice"
      }
    ]
  },
  "totals": {
    "salesTax": 100935.5,
    "inputTax": 38136,
    "netDue": 62799.5
  },
  "summary": {
    "totalSales": 783550,
    "totalOutputVAT": 100935.5,
    "totalInputVAT": 38136,
    "netVATDue": 62799.5,
    "status": "Payable to ETA"
  }
}